idx;tbl:idx;name;typeId;size;min;max;deflt;
0;0:0;vps_func_en|g_config.mvo_cfg.mvo_func_en;0;1;0;1;1;
1;0:1;disable_tof_if_close_vps|NULL;0;1;0;1;1;
2;0:2;is_locked|g_config.device.is_locked;0;1;0;1;0;
3;0:3;imu0_x;5;2;-32768;32767;57;
4;0:4;imu0_y;5;2;-32768;32767;0;
5;0:5;imu0_z;5;2;-32768;32767;-28;
6;0:6;gps0_x;5;2;-32768;32767;68;
7;0:7;gps0_y;5;2;-32768;32767;0;
8;0:8;gps0_z;5;2;-32768;32767;-28;
12;0:12;antenna_gps1_x;5;2;-32768;32767;68;
13;0:13;antenna_gps1_y;5;2;-32768;32767;0;
14;0:14;antenna_gps1_z;5;2;-32768;32767;-28;
15;0:15;antenna_gps1_2_x;5;2;-32768;32767;0;
16;0:16;antenna_gps1_2_y;5;2;-32768;32767;0;
17;0:17;antenna_gps1_2_z;5;2;-32768;32767;0;
18;0:18;imu0_direction;0;1;0;9;0;
19;0:19;imu0_mount_x_0;8;4;-180.000000;180.000000;0.000000;
20;0:20;imu0_mount_y_0;8;4;-90.000000;90.000000;0.000000;
21;0:21;imu0_mount_z_0;8;4;0.000000;360.000000;0.000000;
22;0:22;imu0_mount_x_1;8;4;-180.000000;180.000000;0.000000;
23;0:23;imu0_mount_y_1;8;4;-90.000000;90.000000;0.000000;
24;0:24;imu0_mount_z_1;8;4;0.000000;360.000000;0.000000;
25;0:25;imu1_x;5;2;-32768;32767;57;
26;0:26;imu1_y;5;2;-32768;32767;0;
27;0:27;imu1_z;5;2;-32768;32767;-28;
28;0:28;gps1_x;5;2;-32768;32767;0;
29;0:29;gps1_y;5;2;-32768;32767;0;
30;0:30;gps1_z;5;2;-32768;32767;0;
34;0:34;imu_gps_1_rtk_gps_offset_a_x;5;2;-32768;32767;68;
35;0:35;imu_gps_1_rtk_gps_offset_a_y;5;2;-32768;32767;0;
36;0:36;imu_gps_1_rtk_gps_offset_a_z;5;2;-32768;32767;-28;
37;0:37;imu_gps_1_rtk_gps_offset_b_x;5;2;-32768;32767;0;
38;0:38;imu_gps_1_rtk_gps_offset_b_y;5;2;-32768;32767;0;
39;0:39;imu_gps_1_rtk_gps_offset_b_z;5;2;-32768;32767;0;
40;0:40;imu1_direction;0;1;0;8;0;
41;0:41;imu2_x;5;2;-32768;32767;0;
42;0:42;imu2_y;5;2;-32768;32767;0;
43;0:43;imu2_z;5;2;-32768;32767;0;
44;0:44;gps2_x;5;2;-32768;32767;0;
45;0:45;gps2_y;5;2;-32768;32767;0;
46;0:46;gps2_z;5;2;-32768;32767;0;
50;0:50;imu_gps_2_rtk_gps_offset_a_x;5;2;-32768;32767;68;
51;0:51;imu_gps_2_rtk_gps_offset_a_y;5;2;-32768;32767;0;
52;0:52;imu_gps_2_rtk_gps_offset_a_z;5;2;-32768;32767;-28;
53;0:53;imu_gps_2_rtk_gps_offset_b_x;5;2;-32768;32767;0;
54;0:54;imu_gps_2_rtk_gps_offset_b_y;5;2;-32768;32767;0;
55;0:55;imu_gps_2_rtk_gps_offset_b_z;5;2;-32768;32767;0;
56;0:56;imu2_direction;0;1;0;8;0;
57;0:57;uwb1_x;5;2;-32768;32767;0;
58;0:58;uwb1_y;5;2;-32768;32767;0;
59;0:59;uwb1_z;5;2;-32768;32767;0;
60;0:60;uwb2_x;5;2;-32768;32767;0;
61;0:61;uwb2_y;5;2;-32768;32767;0;
62;0:62;uwb2_z;5;2;-32768;32767;0;
63;0:63;uwb3_x;5;2;-32768;32767;0;
64;0:64;uwb3_y;5;2;-32768;32767;0;
65;0:65;uwb3_z;5;2;-32768;32767;0;
142;0:142;zenmuse_cfg.type|g_config.zenmuse_cfg.type;0;1;0;2;0;
180;0:180;simulator_check_motor;0;1;0;1;1;
181;0:181;motor_no_start_motor_check;0;1;0;1;0;
186;0:186;motor_fail_for_mission_degrade_en;0;1;0;1;0;
187;0:187;check_fc_stability;0;1;0;1;0;
188;0:188;confirm_in_moving_platform;0;1;0;1;0;
189;0:189;first_takeoff_warning;0;1;0;1;1;
190;0:190;has_shown_check_warning;0;1;0;1;0;
191;0:191;esc_hardware_err_app_enable;0;1;0;1;1;
192;0:192;sdr_lost_prevent_never_takeoff_en;0;1;0;1;1;
193;0:193;sdr_lost_prevent_has_takeoff_en;0;1;0;1;1;
200;0:200;tempvar_switch_gear|g_config.gear_cfg.gear_func_en;0;1;0;1;0;
202;0:202;intel_gear|g_config.gear_cfg.auto_control_enable;0;1;0;1;0;
205;0:205;hide_gear_en|g_config.gear_cfg.hide_gear_en;0;1;0;1;0;
206;0:206;near_ground_reminder|g_config.gear_cfg.near_ground_reminder;0;1;0;1;0;
211;0:211;fpv_mode_rc_sacle;8;4;0.010000;10.000000;0.400000;
212;0:212;fpv_mode_assist_r;8;4;0.010000;1000.000000;0.150000;
213;0:213;fpv_mode_rc_yaw_deadzone;8;4;0.000000;1.000000;0.050000;
214;0:214;fpv_mode_tilt_range;8;4;0.010000;1000.000000;65.000000;
215;0:215;fpv_mode_pitch_angle_range;8;4;0.000000;1000.000000;25.000000;
216;0:216;fpv_mode_pitch_gyro_range;8;4;0.000000;1000.000000;20.000000;
217;0:217;fpv_mode_yaw_gyro_range;8;4;0.000000;1000.000000;55.000000;
218;0:218;fpv_mode_brake_gyro_range;8;4;0.000000;1000.000000;25.000000;
219;0:219;fpv_mode_roll_exp;8;4;0.100000;0.900000;0.400000;
220;0:220;fpv_mode_pitch_exp;8;4;0.100000;0.900000;0.400000;
221;0:221;fpv_mode_yaw_exp;8;4;0.100000;0.900000;0.150000;
222;0:222;fpv_mode_brake_exp;8;4;0.100000;0.900000;0.100000;
223;0:223;fpv_throttle_chanel;0;1;0;3;1;
224;0:224;fpv_throttle_ff_gain;8;4;0.000000;100.000000;8.000000;
225;0:225;fpv_vert_vel_down;8;4;-10.000000;0.000000;-6.000000;
226;0:226;fpv_vert_vel_up;8;4;0.000000;10.000000;8.000000;
227;0:227;fpv_release_drop_vel;0;1;0;1;1;
228;0:228;fpv_release_drop_acc;8;4;0.000000;1000.000000;1.000000;
229;0:229;fpv_enter_cruise_vel;8;4;0.000000;10.000000;5.000000;
230;0:230;fpv_quit_cruise_vel;8;4;0.000000;10.000000;1.000000;
231;0:231;g_config.avoid_obstacle_limit_cfg.avoid_obstacle_enable;0;1;0;1;1;
232;0:232;user_avoid_enable|g_config.avoid_obstacle_limit_cfg.user_avoid_enable;0;1;0;2;1;
239;0:239;safe_dis|horiz_omni_avoid_min_dis_m;8;4;0.800000;10.000000;1.000000;
241;0:241;avoid_cfg_rc_scale|g_config.avoid_cfg.avoid_rc_scale;8;4;0.100000;0.800000;0.550000;
243;0:243;avoid_cfg_tors_rate_range|g_config.avoid_cfg.avoid_tors_rate_range;8;4;30.000000;90.000000;70.000000;
245;0:245;omni_avoid_fov;8;4;0.010000;360.000000;40.000000;
246;0:246;omni_limit_vel_fov;8;4;0.010000;360.000000;360.000000;
247;0:247;using_radar_horiz_avoid_info;0;1;0;1;0;
248;0:248;using_perception_horiz_avoid_info;0;1;0;1;1;
249;0:249;using_radar_up_avoid_info;0;1;0;1;0;
250;0:250;using_perception_up_avoid_info;0;1;0;1;1;
251;0:251;forbid_side_fly;0;1;0;1;0;
252;0:252;debug_using_new_oa_info;0;1;0;1;0;
260;0:260;fswitch_selection_b|g_config.control.control_mode_b[0];0;1;0;21;17;
261;0:261;fswitch_selection_b_1|g_config.control.control_mode_b[1];0;1;0;21;17;
262;0:262;fswitch_selection_b_2|g_config.control.control_mode_b[2];0;1;0;21;18;
264;0:264;enable_multiple_mode|g_config.control.multi_control_mode_enable;0;1;0;1;1;
265;0:265;fswitch_selection|g_config.control.control_mode[0];0;1;0;21;12;
266;0:266;fswitch_selection_1|g_config.control.control_mode[1];0;1;0;21;8;
267;0:267;fswitch_selection_2|g_config.control.control_mode[2];0;1;0;21;7;
269;0:269;avoid_atti_range;5;2;10;60;20;
270;0:270;wind_anti_intensity|g_config.control.wind_anti_intensity;1;2;20;100;100;
273;0:273;brake_sensitive_fc|g_config.control.brake_sensitivity_fc;8;4;0.000000;2.000000;0.600000;
275;0:275;brake_sensitive_gain|g_config.control.brake_sensitivity;1;2;10;150;100;
276;0:276;emergency_brake_sensitive;8;4;0.000000;2.000000;0.800000;
278;0:278;vert_vel_down_adding|g_config.control.vert_vel_down_adding;0;1;0;5;2;
279;0:279;vert_vel_down_adding_max;8;4;-20.000000;0.000000;-6.000000;
281;0:281;g_config.misc_cfg.gimbal_priority_en;0;1;0;1;0;
284;0:284;ffg_speed_ctrl_perc|g_config.control.ffg_speed_ctrl_perc;0;1;0;100;5;
285;0:285;sport_ffg_speed_ctrl_perc|g_config.control.sport_ffg_speed_ctrl_perc;0;1;0;100;0;
286;0:286;trip_ffg_speed_ctrl_perc|g_config.control.trip_ffg_speed_ctrl_perc;0;1;0;100;8;
287;0:287;g_config.misc_cfg.follow_gimbal_yaw_when_watch|g_cfg_debug.follow_gimbal_yaw_when_watch;0;1;0;1;0;
288;0:288;gimbal_priority_flight_tilt;8;4;20.000000;60.000000;30.000000;
289;0:289;gimbal_tilt_max;8;4;-10.000000;45.000000;-5.000000;
290;0:290;quick_circle_tors_rate_limit;8;4;90.000000;300.000000;250.000000;
298;0:298;dynamic_brake_atti_enable;0;1;0;1;0;
299;0:299;brake_scale_in_high_altitude;0;1;1;100;100;
300;0:300;down_vel_scale_in_high_altitude;0;1;1;100;100;
302;0:302;near_gnd_vert_acc_limit_amp;8;4;1.000000;10.000000;1.000000;
303;0:303;display_mode_enable;0;1;0;1;0;
304;0:304;display_dis_to_obj;8;4;0.000000;10000.000000;0.000000;
305;0:305;g_config.flying_limit.max_radius;1;2;15;8000;5000;
306;0:306;g_config.flying_limit.max_height;1;2;20;500;120;
308;0:308;g_config.flying_limit.radius_limit_enabled|g_config.advanced_function.radius_limit_enabled;0;1;0;1;0;
312;0:312;g_config.flying_limit.min_height;1;2;1;20;20;
313;0:313;min_height_user;1;2;0;20;5;
314;0:314;g_config.flying_limit.user_avoid_ground_enable;0;1;0;1;1;
315;0:315;g_config.flying_limit.avoid_ground_and_smart_landing_enable;0;1;0;1;1;
318;0:318;limit_height_rel;8;4;0.000000;30.000000;5.000000;
319;0:319;limit_height_rel_by_light;8;4;0.000000;30.000000;3.000000;
322;0:322;g_config.flying_limit.roof_limit_enable;0;1;0;1;1;
323;0:323;vert_up_avoid_min_dis_m;8;4;1.000000;10.000000;1.000000;
328;0:328;flying_limit_water_low_limit_enable;0;1;0;1;0;
331;0:331;test_emergency_enable;0;1;0;1;0;
333;0:333;ap_planning_vert_limit_disable_cfg;0;1;0;1;0;
334;0:334;sdr_lost_radius_limit_enable;0;1;0;1;0;
335;0:335;sdr_lost_radius_limit_adding_distance;8;4;0.000000;5000.000000;2000.000000;
336;0:336;novice_func_enabled|g_config.novice_cfg.novice_func_enabled;0;1;0;1;0;
337;0:337;low_radius_limit_enable;0;1;0;1;0;
340;0:340;disable_rc_lost_action_when_osdk_connected;0;1;0;1;0;
346;0:346;gps_enable|g_config.gps_cfg.gps_enable;0;1;0;1;1;
371;0:371;forearm_led_ctrl|g_config.misc_cfg.forearm_lamp_ctrl;0;1;0;255;239;
377;0:377;plant_gain_uncer_comp_enable;0;1;0;1;1;
379;0:379;plant_gain_voltage_comp_enable;0;1;0;1;0;
398;0:398;rc_lost_action|g_config.fail_safe.protect_action;0;1;0;2;2;
410;0:410;hover_pwm_bound_threshold;0;1;0;100;15;
411;0:411;enable;0;1;0;1;0;
417;0:417;SIM_FLY_LIMIT_ENABLE;0;1;0;1;0;
418;0:418;cfg_sim_disable_limit|g_config.airport_limit_cfg.cfg_sim_disable_limit;0;1;0;1;1;
419;0:419;g_status.acc_gyro[0].cali_cnt|imu_app_temp_cali.cali_cnt;0;1;0;255;0;
420;0:420;g_status.acc_gyro[0].state|imu_app_temp_cali.state;4;1;0;127;0;
421;0:421;g_status.acc_gyro[1].cali_cnt;0;1;0;255;0;
422;0:422;g_status.acc_gyro[1].state;4;1;0;127;0;
423;0:423;g_status.acc_gyro[2].cali_cnt;0;1;0;255;0;
424;0:424;g_status.acc_gyro[2].state;4;1;0;127;0;
425;0:425;g_status.all_gyr_acc.msc_sampled_side;0;1;0;255;0;
426;0:426;g_status.all_gyr_acc.msc_current_side;0;1;0;255;0;
427;0:427;g_status.all_gyr_acc.cali_cnt;0;1;0;255;0;
428;0:428;g_status.all_gyr_acc.cali_state;4;1;0;127;0;
429;0:429;g_config.fdi_sensor[0].acc_bias;8;4;0.000000;10000.000000;0.000000;
430;0:430;g_config.fdi_sensor[0].gyr_bias;8;4;0.000000;10000.000000;0.000000;
431;0:431;g_config.fdi_sensor[0].mag_over;8;4;0.000000;10000.000000;0.000000;
432;0:432;g_config.fdi_sensor[0].acc_stat;0;1;0;255;0;
433;0:433;g_config.fdi_sensor[0].gyr_stat;0;1;0;255;0;
434;0:434;g_config.fdi_sensor[0].mag_stat;0;1;0;255;0;
435;0:435;g_status.topology_verify.user_interface.mag_status;0;1;0;255;1;
436;0:436;g_status.topology_verify.user_interface.imu_status;0;1;0;255;1;
437;0:437;g_config.fdi_sensor[1].acc_bias;8;4;0.000000;10000.000000;0.000000;
438;0:438;g_config.fdi_sensor[1].gyr_bias;8;4;0.000000;10000.000000;0.000000;
439;0:439;g_config.fdi_sensor[1].mag_over;8;4;0.000000;10000.000000;0.000000;
440;0:440;g_config.fdi_sensor[1].acc_stat;0;1;0;255;0;
441;0:441;g_config.fdi_sensor[1].gyr_stat;0;1;0;255;0;
442;0:442;g_config.fdi_sensor[1].mag_stat;0;1;0;255;0;
443;0:443;g_config.fdi_sensor[2].acc_bias;8;4;0.000000;10000.000000;0.000000;
444;0:444;g_config.fdi_sensor[2].gyr_bias;8;4;0.000000;10000.000000;0.000000;
445;0:445;g_config.fdi_sensor[2].mag_over;8;4;0.000000;10000.000000;0.000000;
446;0:446;g_config.fdi_sensor[2].acc_stat;0;1;0;255;0;
447;0:447;g_config.fdi_sensor[2].gyr_stat;0;1;0;255;0;
448;0:448;g_config.fdi_sensor[2].mag_stat;0;1;0;255;0;
449;0:449;g_status.ns_busy_dev;1;2;0;65535;0;
450;0:450;g_status.user_info.statistical_info.total_distance;8;4;0.000000;1000000000.000000;0.000000;
451;0:451;g_status.user_info.statistical_info.total_motor_start_time;8;4;0.000000;1000000000.000000;0.000000;
452;0:452;g_status.user_info.statistical_info.total_powerup_times;1;2;0;65535;0;
453;0:453;g_status.user_info.statistical_info.total_fly_times;1;2;0;65535;0;
454;0:454;g_status.user_info.statistical_info_last.total_distance;8;4;0.000000;1000000000.000000;0.000000;
455;0:455;g_status.user_info.statistical_info_last.total_motor_start_time;8;4;0.000000;1000000000.000000;0.000000;
456;0:456;g_status.user_info.statistical_info_last.total_powerup_times;1;2;0;65535;0;
457;0:457;g_status.user_info.statistical_info_last.total_fly_times;1;2;0;65535;0;
467;0:467;RC_ARM_STOP_ENABLE|g_config.rc_cfg.arm_action_enable;0;1;0;1;1;
468;0:468;RC_EMERGENCY_STOP_ENABLE;0;1;0;1;1;
469;0:469;RC_STOP_CHECK_ENABLE;0;1;0;1;1;
470;0:470;dead_zone;8;4;0.000000;10.000000;3.000000;
471;0:471;RC_STOP_MOTOR_TYPE;0;1;0;255;6;
472;0:472;rc_break_pause_time_ms;2;4;0;4294967295;2500;
475;0:475;manual_video_lost_action;0;1;0;3;0;
476;0:476;dead_zone_for_m;0;1;0;5;0;
477;0:477;fl_emergency_stop_enable;0;1;0;1;1;
479;0:479;tilt_sensitive_gain|g_config.control.rc_tilt_sensitivity;1;2;1;150;100;
480;0:480;yaw_sensitive_gain;1;2;1;150;100;
481;0:481;rc_throttle_sensitivity;1;2;1;150;100;
493;0:493;fan_special_speed;0;1;0;255;0;
574;0:574;user_test_actuator;0;1;0;8;8;
575;0:575;user_test_std_output|g_config.actuator.user_test.std_output;1;2;0;10000;500;
576;0:576;user_test_timer;1;2;0;2000;20;
577;0:577;user_test_esc_factory_test;0;1;0;1;0;
578;0:578;multi_esc_type;0;1;0;1;0;
585;0:585;enSmartBatGH|g_config.voltage2.user_set_smart_bat;0;1;0;2;2;
586;0:586;dji_bat_level_1|g_config.voltage2.level_1_voltage;0;1;10;100;15;
587;0:587;dji_bat_level_2|g_config.voltage2.level_2_voltage;0;1;10;100;10;
588;0:588;bat_cap_v1_prot_type|g_config.voltage2.level_1_function;0;1;0;10;1;
589;0:589;bat_cap_v2_prot_type|g_config.voltage2.level_2_function;0;1;0;10;2;
590;0:590;raw_battery_cell_num|g_config.voltage.battery_cell;0;1;1;14;4;
591;0:591;raw_bat_level_1|g_config.voltage.level_1_protect;1;2;3600;4000;3700;
592;0:592;raw_bat_level_2|g_config.voltage.level_2_protect;1;2;3200;3800;3690;
593;0:593;bat_level_1_action|g_config.voltage.level_1_protect_type;0;1;0;2;0;
594;0:594;bat_level_2_action|g_config.voltage.level_2_protect_type;0;1;0;2;2;
595;0:595;smart_bat_basic_cap;0;1;0;100;10;
596;0:596;level1_smart_battery_gohome|g_config.voltage2.level2_smart_battert_gohome;0;1;0;100;15;
597;0:597;level2_smart_battery_land|g_config.voltage2.level2_smart_battery_land;0;1;0;100;8;
598;0:598;tracking_low_bat_act;0;1;0;1;0;
599;0:599;pointing_low_bat_act;0;1;0;1;0;
602;0:602;over_temperature_protect_enable;0;1;0;1;1;
604;0:604;emergency_voltage;1;2;2500;4000;3000;
605;0:605;lower_limit_power;1;2;0;5000;75;
606;0:606;enable_new_smart_battery;0;1;0;2;2;
607;0:607;go_home_current;1;2;0;65535;9000;
608;0:608;go_home_current_prop_cover;1;2;0;65535;9000;
609;0:609;go_home_power;1;2;0;65535;120;
610;0:610;max_bat_power;1;2;0;65535;500;
611;0:611;lower_limit_temperature;5;2;-2000;2000;-100;
612;0:612;bat_enable_cap2_protect;0;1;0;1;0;
613;0:613;bat_enable_smart_bat_landing_protect;0;1;0;1;1;
614;0:614;lowest_voltage;1;2;0;65535;0;
617;0:617;battery_type_name_detect;0;1;0;1;0;
630;0:630;rotate_theta;8;4;-180.000000;180.000000;0.000000;
632;0:632;g_config.gyr_acc_cfg.msc_require_side;0;1;0;255;62;
638;0:638;imu_app_temp_cali.start_flag|g_cfg_debug.imu_cali_state[0][1];0;1;0;127;0;
639;0:639;g_cfg_debug.imu_cali_state[1][1];0;1;0;127;0;
640;0:640;g_cfg_debug.imu_cali_state[2][1];0;1;0;127;0;
645;0:645;imu_propeller_cali|g_config.cali_switch.imu_propeller_cali;0;1;0;8;2;
687;0:687;dm_flight_led_time;8;4;0.000000;10.000000;0.050000;
688;0:688;dm_forearm_led_time;8;4;0.000000;10.000000;0.050000;
689;0:689;dm_delay_led_time;8;4;0.000000;10.000000;0.700000;
690;0:690;dm_delay_circle_time;8;4;0.000000;10.000000;3.000000;
693;0:693;gimbal_yaw_back_to_middle_en;0;1;0;1;1;
694;0:694;acc_fdi_open_disconnect;0;1;0;1;1;
695;0:695;acc_fdi_open_range;0;1;0;1;1;
696;0:696;acc_fdi_open_abrupt;0;1;0;1;1;
697;0:697;acc_fdi_open_noise;0;1;0;1;1;
698;0:698;acc_fdi_open_stuck;0;1;0;1;1;
699;0:699;acc_fdi_open_bias;0;1;0;1;1;
700;0:700;acc_fdi_open_temper;0;1;0;1;1;
701;0:701;acc_fdi_open_disagree;0;1;0;1;1;
702;0:702;acc_fdi_open_invalid_float;0;1;0;1;1;
703;0:703;acc_fdi_open_cali_err;0;1;0;1;1;
704;0:704;acc_fdi_open_drv_err;0;1;0;1;1;
705;0:705;acc_fdi_open_temp_not_ready;0;1;0;1;1;
706;0:706;gyr_fdi_open_disconnect;0;1;0;1;1;
707;0:707;gyr_fdi_open_range;0;1;0;1;1;
708;0:708;gyr_fdi_open_abrupt;0;1;0;1;1;
709;0:709;gyr_fdi_open_stuck;0;1;0;1;1;
710;0:710;gyr_fdi_open_noise;0;1;0;1;1;
711;0:711;gyr_fdi_open_bias;0;1;0;1;1;
712;0:712;gyr_fdi_open_bias_minor;0;1;0;1;1;
713;0:713;gyr_fdi_open_temper;0;1;0;1;1;
714;0:714;gyr_fdi_open_disagree;0;1;0;1;1;
715;0:715;gyr_fdi_open_invalid_float;0;1;0;1;1;
716;0:716;gyr_fdi_open_temp_not_ready;0;1;0;1;1;
717;0:717;gyr_fdi_open_temp_warnning;0;1;0;1;1;
718;0:718;gyr_fdi_open_temp_high;0;1;0;1;1;
719;0:719;gyr_fdi_open_temp_ctrl_err;0;1;0;1;1;
720;0:720;baro_fdi_open_disconnect;0;1;0;1;1;
721;0:721;baro_fdi_open_range;0;1;0;1;1;
722;0:722;baro_fdi_open_abrupt;0;1;0;1;1;
723;0:723;baro_fdi_open_stuck;0;1;0;1;1;
724;0:724;baro_fdi_open_noise;0;1;0;1;1;
725;0:725;baro_fdi_open_walk;0;1;0;1;1;
726;0:726;baro_fdi_open_temper;0;1;0;1;1;
727;0:727;baro_fdi_open_temp_warnning;0;1;0;1;1;
728;0:728;baro_fdi_open_temp_high;0;1;0;1;1;
729;0:729;baro_fdi_open_temp_low;0;1;0;1;1;
730;0:730;baro_fdi_open_disagree;0;1;0;1;1;
731;0:731;baro_fdi_open_invalid_float;0;1;0;1;1;
732;0:732;compass_fdi_open_disconnect;0;1;0;1;1;
733;0:733;compass_fdi_open_over_minor;0;1;0;1;1;
734;0:734;compass_fdi_open_over_large;0;1;0;1;1;
735;0:735;compass_fdi_open_abrupt;0;1;0;1;1;
736;0:736;compass_fdi_open_stuck;0;1;0;1;1;
737;0:737;compass_fdi_open_noise;0;1;0;1;1;
738;0:738;compass_fdi_open_disagree;0;1;0;1;1;
739;0:739;compass_fdi_open_interfere;0;1;0;1;1;
740;0:740;gps_fdi_open_disconnect;0;1;0;1;1;
741;0:741;gps_fdi_open_range;0;1;0;1;1;
742;0:742;gps_fdi_open_abrupt;0;1;0;1;1;
743;0:743;gps_fdi_open_stuck;0;1;0;1;1;
744;0:744;gps_fdi_open_disagree;0;1;0;1;1;
745;0:745;gps_fdi_open_conformity;0;1;0;1;1;
746;0:746;gps_fdi_open_invalid_float;0;1;0;1;1;
747;0:747;gps_fdi_open_version_mismatch;0;1;0;1;1;
748;0:748;gps_fdi_open_frequency_err;0;1;0;1;1;
749;0:749;gps_fdi_open_signature_invalid;0;1;0;1;1;
750;0:750;gps_fdi_open_svn_exception;0;1;0;1;1;
751;0:751;gps_fdi_open_level_low;0;1;0;1;1;
752;0:752;gps_fdi_open_height_drift;0;1;0;1;1;
753;0:753;rtk_fdi_open_disconnect;0;1;0;1;0;
754;0:754;rtk_fdi_open_range;0;1;0;1;0;
755;0:755;rtk_fdi_open_offset_switched;0;1;0;1;0;
756;0:756;rtk_fdi_open_freq_err;0;1;0;1;0;
757;0:757;rtk_fdi_open_invalid_float;0;1;0;1;0;
758;0:758;rtk_fdi_open_stuck;0;1;0;1;0;
759;0:759;rtk_fdi_open_abrupt_pos;0;1;0;1;0;
760;0:760;rtk_fdi_open_abrupt_vel;0;1;0;1;0;
761;0:761;rtk_fdi_open_height_consist;0;1;0;1;0;
762;0:762;rtk_fdi_open_pos_disagree;0;1;0;1;0;
763;0:763;rtk_fdi_open_conformity;0;1;0;1;0;
764;0:764;rtk_fdi_open_pos_disagree_large;0;1;0;1;0;
765;0:765;rtk_fdi_open_pos_change_static;0;1;0;1;0;
766;0:766;rtk_fdi_open_vel_change_static;0;1;0;1;0;
767;0:767;rtk_fdi_open_version_unmatched;0;1;0;1;0;
768;0:768;rtk_fdi_open_station_switched;0;1;0;1;0;
769;0:769;rtk_fdi_open_station_tilt;0;1;0;1;0;
770;0:770;rtk_fdi_open_station_not_static;0;1;0;1;0;
771;0:771;rtk_fdi_open_yaw_disagree;0;1;0;1;0;
772;0:772;rtk_fdi_open_baseline_not_match;0;1;0;1;0;
773;0:773;rtk_fdi_baseline_abnormal_error;0;1;0;1;0;
774;0:774;esc_unbalance_fdi_open;0;1;0;1;0;
775;0:775;esc_ppm_recv_fdi_open;0;1;0;1;0;
776;0:776;esc_recv_test_fdi_open;0;1;0;1;1;
777;0:777;ahrs_fdi_open;0;1;0;1;1;
778;0:778;ahrs_init_fdi_open;0;1;0;1;1;
779;0:779;geo_mag_fdi_open;0;1;0;1;1;
780;0:780;ctrl_fdi_open;0;1;0;1;1;
781;0:781;ctrl_impact_fdi_open;0;1;0;1;1;
782;0:782;g_config.fdi_open.ctrl_vibrate_fdi_open;0;1;0;1;0;
783;0:783;acc_multi_fdi_open;0;1;0;1;1;
784;0:784;gyro_multi_fdi_open;0;1;0;1;1;
785;0:785;baro_multi_fdi_open;0;1;0;1;0;
786;0:786;compass_multi_fdi_open;0;1;0;1;0;
787;0:787;gps_multi_fdi_open;0;1;0;1;0;
788;0:788;ns_multi_fdi_open;0;1;0;1;0;
789;0:789;ns_multi_w_fdi_open;0;1;0;1;0;
790;0:790;ns_multi_ag_fdi_open;0;1;0;1;0;
791;0:791;ns_multi_vg_fdi_open;0;1;0;1;0;
792;0:792;ns_multi_alti_fdi_open;0;1;0;1;0;
793;0:793;ns_multi_pos_fdi_open;0;1;0;1;0;
794;0:794;ns_multi_eular_fdi_open;0;1;0;1;0;
795;0:795;mag_dis_stop_fly;0;1;0;1;0;
797;0:797;g_config.fdi_open.fit_open;0;1;0;1;0;
798;0:798;g_config.fdi_open.without_gps_allowed;0;1;0;1;0;
799;0:799;g_config.fdi_open.without_mag_allowed;0;1;0;1;0;
800;0:800;g_config.fdi_open.close_auto_stop_motor_check;0;1;0;1;0;
801;0:801;auto_echo_function_open;0;1;0;1;0;
802;0:802;ultrasonic_fdi_open_stuck;0;1;0;1;0;
803;0:803;ultrasonic_fdi_open_disconnect;0;1;0;1;0;
804;0:804;vo_fdi_open_disconnect;0;1;0;1;1;
805;0:805;vo_fdi_open_range;0;1;0;1;1;
806;0:806;vo_fdi_open_abrupt;0;1;0;1;1;
807;0:807;vo_fdi_open_invalid_float;0;1;0;1;1;
808;0:808;vo_fdi_open_height_consist;0;1;0;1;0;
809;0:809;vo_fdi_open_vel_large_in_static;0;1;0;1;1;
810;0:810;vo_fdi_open_vel_large_on_ground;0;1;0;1;1;
811;0:811;vo_fdi_open_stuck_pos;0;1;0;1;1;
812;0:812;vo_fdi_open_stuck_vel;0;1;0;1;0;
814;0:814;g_config.fdi_switch.open;0;1;0;1;0;
816;0:816;g_config.fdi_switch.ns.default_index;0;1;0;5;1;
818;0:818;g_config.fdi_switch.ns.with_fdi;0;1;0;1;1;
819;0:819;g_config.fdi_switch.ns.by_fdi;0;1;0;1;1;
820;0:820;g_config.fdi_switch.ns.random_test;0;1;0;1;0;
823;0:823;g_config.fdi_switch.compass.default_index;0;1;0;2;0;
825;0:825;g_config.fdi_switch.compass.with_fdi;0;1;0;1;1;
826;0:826;g_config.fdi_switch.compass.by_fdi;0;1;0;1;1;
827;0:827;g_config.fdi_switch.compass.random_test;0;1;0;1;0;
828;0:828;g_config.fdi_switch.gps.default_index;0;1;0;2;0;
830;0:830;g_config.fdi_switch.gps.with_fdi;0;1;0;1;1;
831;0:831;g_config.fdi_switch.gps.by_fdi;0;1;0;1;1;
832;0:832;g_config.fdi_switch.gps.random_test;0;1;0;1;0;
833;0:833;g_config.fdi_switch.baro.default_index;0;1;0;2;0;
835;0:835;g_config.fdi_switch.baro.with_fdi;0;1;0;1;1;
836;0:836;g_config.fdi_switch.baro.by_fdi;0;1;0;1;1;
837;0:837;g_config.fdi_switch.baro.random_test;0;1;0;1;0;
838;0:838;g_config.fdi_switch.acc.default_index;0;1;0;2;0;
840;0:840;g_config.fdi_switch.acc.with_fdi;0;1;0;1;1;
841;0:841;g_config.fdi_switch.acc.by_fdi;0;1;0;1;1;
842;0:842;g_config.fdi_switch.acc.random_test;0;1;0;1;0;
843;0:843;g_config.fdi_switch.gyro.default_index;0;1;0;2;0;
845;0:845;g_config.fdi_switch.gyro.with_fdi;0;1;0;1;1;
846;0:846;g_config.fdi_switch.gyro.by_fdi;0;1;0;1;1;
847;0:847;g_config.fdi_switch.gyro.random_test;0;1;0;1;0;
855;0:855;SIM_GPS_DATE;2;4;0;4294967295;20150906;
856;0:856;SIM_GPS_TIME;2;4;0;4294967295;214930;
858;0:858;sim_vo_omni_avoid_raw_data_enable;0;1;0;1;0;
859;0:859;sim_radar_omni_avoid_raw_data_enable;0;1;0;1;0;
860;0:860;simulator_gps_svn;0;1;0;255;15;
861;0:861;simulator_mvo_flag;1;2;0;65535;255;
862;0:862;simulator_gps_hdop;8;4;0.000000;999.900024;0.600000;
863;0:863;simulator_gps_pdop;8;4;0.000000;999.900024;1.000000;
864;0:864;sim_rtk_gps_horiz_offset_0;8;4;-999.900024;999.900024;0.000000;
865;0:865;sim_rtk_gps_horiz_offset_1;8;4;-999.900024;999.900024;0.000000;
866;0:866;sim_rtk_gps_vert_offset;8;4;-9999.900391;9999.900391;0.000000;
867;0:867;sim_wall_enable;0;1;0;1;0;
868;0:868;sim_wall_pillarA_0;8;4;-1000.000000;1000.000000;30.000000;
869;0:869;sim_wall_pillarA_1;8;4;-1000.000000;1000.000000;-5.000000;
870;0:870;sim_wall_pillarB_0;8;4;-1000.000000;1000.000000;30.000000;
871;0:871;sim_wall_pillarB_1;8;4;-1000.000000;1000.000000;5.000000;
872;0:872;sim_wall_height;8;4;-1000.000000;1000.000000;60.000000;
873;0:873;simulator_initial_cap_per;0;1;0;100;90;
883;0:883;idle_level|g_config.engine.idle_level;0;1;1;30;3;
885;0:885;idle_time|g_config.engine.idle_time;8;4;1.000000;5.000000;1.500000;
886;0:886;prop_auto_preload|g_config.engine.prop_auto_preload;0;1;0;2;0;
887;0:887;sequence_start_en|g_config.engine.sequence_start_en;0;1;0;1;0;
889;0:889;manual_lift_exp;8;4;0.100000;0.900000;0.500000;
890;0:890;manual_actual_rate_exp_x;8;4;0.000000;1.000000;0.540000;
891;0:891;manual_actual_center_rate_x;1;2;20;2000;160;
892;0:892;actual_max_rate_x;1;2;20;2000;420;
893;0:893;manual_actual_rate_exp_y;8;4;0.000000;1.000000;0.540000;
894;0:894;manual_actual_center_rate_y;1;2;20;2000;160;
895;0:895;actual_max_rate_y;1;2;20;2000;420;
896;0:896;manual_actual_rate_exp_z;8;4;0.000000;1.000000;0.540000;
897;0:897;manual_actual_center_rate_z;1;2;20;2000;160;
898;0:898;actual_max_rate_z;1;2;20;2000;420;
899;0:899;actual_lift_min;8;4;0.000000;50.000000;0.000000;
900;0:900;mode_manual_cfg_max_hover_throtle;8;4;-1.000000;0.100000;-0.280000;
901;0:901;mode_manual_cfg_min_hover_throtle;8;4;-1.000000;0.100000;-0.480000;
902;0:902;mode_manual_cfg_switch_check_time;8;4;0.000000;1000.000000;10.000000;
903;0:903;mode_manual_cfg_gnd_dyn_gain;8;4;0.010000;10.000000;0.500000;
904;0:904;mode_manual_cfg_gnd_i_clear_time;8;4;0.000000;10.000000;3.000000;
905;0:905;mode_manual_cfg_rot_camera_roll_en;0;1;0;255;0;
906;0:906;manual_exit_low_thr;0;1;0;100;15;
907;0:907;manual_limit_enable;0;1;0;1;0;
908;0:908;manual_limit_angle;8;4;0.000000;6.283185;0.698132;
909;0:909;landing_type_status;0;1;0;4;0;
910;0:910;landing_not_cancelable;0;1;0;1;0;
911;0:911;mis_landing_reason;0;1;0;255;0;
917;0:917;exit_landing_ground_not_smooth_enable|g_config.landing.exit_landing_ground_not_smooth_enable;0;1;0;1;1;
923;0:923;miss_rtk_use_rtk_data|g_config.miss_rtk.use_rtk_data;0;1;0;1;0;
927;0:927;go_home_height|g_config.go_home.fixed_go_home_altitude;1;2;20;500;100;
928;0:928;go_home_heading|g_config.go_home.go_home_heading_option;0;1;0;1;1;
930;0:930;go_home_when_running_gs|g_config.go_home.go_home_when_running_gs;0;1;0;1;0;
931;0:931;avoid_enable|g_config.go_home.avoid_enable;0;1;0;1;1;
935;0:935;rtk_go_home_enable;0;1;0;1;0;
936;0:936;avoid_ascending_height_limit_disable|g_config.go_home.avoid_ascending_height_limit_disable;0;1;0;1;0;
937;0:937;force_ascending_align_enable|g_config.go_home.force_ascending_align_enable;0;1;0;1;0;
938;0:938;go_home_finish_radius;8;4;0.010000;10.000000;1.000000;
940;0:940;g_config.mode_tripod_cfg.rc_scale;8;4;0.100000;0.400000;0.203419;
941;0:941;mode_tripod_cfg_tilt_atti_range;8;4;10.000000;60.000000;25.000000;
943;0:943;g_config.mode_tripod_cfg.tors_gyro_range;8;4;10.000000;90.000000;30.000000;
944;0:944;g_config.mode_tripod_cfg.vert_vel_up;8;4;0.500000;3.000000;1.000000;
945;0:945;g_config.mode_tripod_cfg.vert_vel_down;8;4;-3.000000;-0.500000;-1.000000;
948;0:948;mode_tripod_cfg_tilt_exp_mid_point;8;4;0.100000;0.900000;0.250000;
949;0:949;mode_tripod_cfg_tors_exp_mid_point;8;4;0.100000;0.900000;0.250000;
950;0:950;mode_tripod_cfg_lift_exp_mid_point;8;4;0.100000;0.900000;0.250000;
951;0:951;tripod_func_enabled|g_config.mode_tripod_en_cfg.tripod_func_enabled;0;1;0;1;0;
954;0:954;mode_gentle_cfg_rc_scale;8;4;0.100000;1.000000;0.700000;
955;0:955;mode_gentle_cfg_rc_scale_fwd;8;4;0.100000;1.000000;0.900000;
956;0:956;mode_gentle_cfg_rc_scale_bac;8;4;0.100000;1.000000;0.900000;
957;0:957;mode_gentle_cfg_rc_scale_lat;8;4;0.100000;1.000000;0.900000;
958;0:958;mode_gentle_cfg_tilt_atti_range;8;4;10.000000;60.000000;20.000000;
959;0:959;g_config.mode_gentle_cfg.tilt_atti_roll_range;8;4;0.000000;20.000000;20.000000;
960;0:960;g_config.mode_gentle_cfg.tilt_atti_pitch_max;8;4;0.000000;20.000000;20.000000;
961;0:961;g_config.mode_gentle_cfg.tilt_atti_pitch_min;8;4;-20.000000;0.000000;-20.000000;
963;0:963;mode_gentle_cfg_tors_gyro_range;8;4;20.000000;200.000000;75.000000;
964;0:964;mode_gentle_cfg_vert_vel_up;8;4;1.000000;10.000000;3.000000;
965;0:965;mode_gentle_cfg_vert_vel_down;8;4;-10.000000;-1.000000;-2.000000;
968;0:968;g_config.mode_gentle_cfg.tilt_exp_mid_point;8;4;0.100000;0.900000;0.200000;
969;0:969;g_config.mode_gentle_cfg.tors_exp_mid_point;8;4;0.100000;0.900000;0.200000;
970;0:970;g_config.mode_gentle_cfg.lift_exp_mid_point;8;4;0.100000;0.900000;0.200000;
971;0:971;g_config.mode_normal_cfg.rc_scale;8;4;0.200000;1.000000;0.608600;
972;0:972;g_config.mode_normal_cfg.rc_scale_fwd;8;4;0.200000;1.000000;0.700000;
973;0:973;g_config.mode_normal_cfg.rc_scale_bac;8;4;0.200000;1.000000;0.900000;
974;0:974;g_config.mode_normal_cfg.rc_scale_lat;8;4;0.200000;1.000000;0.510000;
975;0:975;g_config.mode_normal_cfg.tilt_atti_range;8;4;5.000000;60.000000;30.000000;
976;0:976;g_config.mode_normal_cfg.tilt_atti_roll_range;8;4;0.000000;35.000000;35.000000;
977;0:977;g_config.mode_normal_cfg.tilt_atti_pitch_max;8;4;0.000000;20.000000;20.000000;
978;0:978;g_config.mode_normal_cfg.tilt_atti_pitch_min;8;4;-35.000000;0.000000;-35.000000;
980;0:980;g_config.mode_normal_cfg.tors_gyro_range;8;4;20.000000;90.000000;75.000000;
981;0:981;g_config.mode_normal_cfg.vert_vel_up;8;4;1.000000;10.000000;6.000000;
982;0:982;g_config.mode_normal_cfg.vert_vel_down;8;4;-10.000000;-1.000000;-6.000000;
985;0:985;g_config.mode_normal_cfg.tilt_exp_mid_point|g_config.control.tilt_exp_mid_point;8;4;0.100000;0.900000;0.250000;
986;0:986;g_config.mode_normal_cfg.tors_exp_mid_point|g_config.control.yaw_exp_mid_point;8;4;0.100000;0.900000;0.200000;
987;0:987;g_config.mode_normal_cfg.lift_exp_mid_point;8;4;0.100000;0.900000;0.250000;
988;0:988;g_config.mode_sport_cfg.rc_scale;8;4;0.200000;1.000000;0.835165;
989;0:989;g_config.mode_sport_cfg.rc_scale_fwd;8;4;0.200000;1.000000;0.950000;
990;0:990;g_config.mode_sport_cfg.rc_scale_bac;8;4;0.200000;1.000000;0.950000;
991;0:991;g_config.mode_sport_cfg.rc_scale_lat;8;4;0.200000;1.000000;0.950000;
992;0:992;g_config.mode_sport_cfg.tilt_atti_range;8;4;10.000000;90.000000;35.000000;
993;0:993;g_config.mode_sport_cfg.tilt_atti_roll_range;8;4;0.000000;35.000000;35.000000;
994;0:994;g_config.mode_sport_cfg.tilt_atti_pitch_max;8;4;0.000000;35.000000;35.000000;
995;0:995;g_config.mode_sport_cfg.tilt_atti_pitch_min;8;4;-35.000000;0.000000;-35.000000;
997;0:997;g_config.mode_sport_cfg.tors_gyro_range;8;4;20.000000;250.000000;130.000000;
998;0:998;mode_sport_cfg_vert_vel_up|g_config.mode_sport_cfg.vert_vel_up;8;4;1.000000;10.000000;8.000000;
999;0:999;mode_sport_cfg_vert_vel_down|g_config.mode_sport_cfg.vert_vel_down;8;4;-10.000000;-1.000000;-6.000000;
1002;0:1002;g_config.mode_sport_cfg.tilt_exp_mid_point;8;4;0.100000;0.900000;0.350000;
1003;0:1003;g_config.mode_sport_cfg.tors_exp_mid_point;8;4;0.100000;0.900000;0.250000;
1004;0:1004;g_config.mode_sport_cfg.lift_exp_mid_point;8;4;0.100000;0.900000;0.300000;
1005;0:1005;sweep_test_flag;0;1;0;17;0;
1006;0:1006;sweep_test_method;0;1;0;1;0;
1007;0:1007;sweep_inj_A_enable;0;1;0;1;1;
1008;0:1008;sweep_inj_B_enable;0;1;0;1;0;
1009;0:1009;sweep_total_t_A(PRBS_period);8;4;0.000000;1000.000000;120.000000;
1010;0:1010;sweep_total_t_B;8;4;0.000000;1000.000000;120.000000;
1011;0:1011;sweep_start_f_A(PRBS_dt);8;4;0.000000;200.000000;0.100000;
1012;0:1012;sweep_start_f_B;8;4;0.000000;200.000000;0.100000;
1013;0:1013;sweep_stop_f_A(PRBS_N);8;4;0.000000;200.000000;30.000000;
1014;0:1014;sweep_stop_f_B;8;4;0.000000;200.000000;30.000000;
1015;0:1015;sweep_amp_A;8;4;0.010000;30.000000;0.200000;
1016;0:1016;sweep_amp_B;8;4;0.010000;30.000000;0.200000;
1017;0:1017;sweep_prbs_total_t_A;8;4;1.000000;500.000000;50.000000;
1018;0:1018;sweep_prbs_amp_A;8;4;0.001000;30.000000;0.100000;
1019;0:1019;sweep_prbs_scaler_A;1;2;2;500;10;
1020;0:1020;sweep_prbs_reg_L_A;0;1;1;32;7;
1021;0:1021;sweep_prbs_reg_M_A;0;1;1;32;4;
1040;0:1040;vel_smooth_time;8;4;0.100000;10.000000;0.400000;
1055;0:1055;g_cfg_debug.overshot_enable;0;1;0;1;0;
1056;0:1056;limit_max_cmd_rate;8;4;0.000000;500.000000;1.745329;
1060;0:1060;multi_mixer_type|g_config.aircraft.multi_rotor_type;0;1;0;10;1;
1084;0:1084;basic_gain_roll_usr|g_config.control.basic_roll;5;2;20;150;100;
1085;0:1085;basic_gain_pitch_usr|g_config.control.basic_pitch;5;2;20;150;100;
1086;0:1086;g_config.control.basic_tail|g_config.control.basic_yaw;5;2;20;150;100;
1087;0:1087;g_config.control.atti_vertical|g_config.control.basic_thrust;5;2;20;150;100;
1088;0:1088;atti_gain;5;2;80;200;140;
1090;0:1090;atti_tilt_comp_fc;8;4;0.010000;150.000000;7.900000;
1091;0:1091;atti_tilt_comp_gain;8;4;0.010000;150.000000;6.500000;
1096;0:1096;tgt_tors_cmp_fc;8;4;0.010000;150.000000;1.500000;
1097;0:1097;tgt_tors_cmp_enable;0;1;0;1;1;
1098;0:1098;atti_tors_feedfwd_gain;8;4;0.000000;2.000000;0.550000;
1099;0:1099;atti_tors_cmd_differ_fc;8;4;0.000000;150.000000;6.000000;
1100;0:1100;atti_tors_feedfwd_enable;0;1;0;1;1;
1101;0:1101;ang_vel_tilt_comp_fc_adj;5;2;30;150;100;
1104;0:1104;ang_vel_tiltx_pi_freq;8;4;0.010000;150.000000;0.800000;
1105;0:1105;ang_vel_tiltx_comp_fc;8;4;0.010000;150.000000;1.970000;
1106;0:1106;ang_vel_tiltx_comp_gain;8;4;0.010000;150.000000;32.000000;
1107;0:1107;ang_vel_tiltx_boost_freq;8;4;0.001000;2.000000;0.600000;
1108;0:1108;ang_vel_tiltx_boost_gain;8;4;1.000000;30.000000;1.000000;
1109;0:1109;ang_vel_tilty_pi_freq;8;4;0.010000;150.000000;1.200000;
1110;0:1110;ang_vel_tilty_comp_fc;8;4;0.010000;150.000000;1.920000;
1111;0:1111;ang_vel_tilty_comp_gain;8;4;0.010000;150.000000;35.000000;
1112;0:1112;ang_vel_tilty_boost_freq;8;4;0.001000;2.000000;0.600000;
1113;0:1113;ang_vel_tilty_boost_gain;8;4;1.000000;30.000000;1.000000;
1129;0:1129;g_config.mr_ctrl.ctrl_lowpass_fp;8;4;0.010000;1000.000000;55.000000;
1130;0:1130;g_config.mr_ctrl.ctrl_lowpass_fz;8;4;0.010000;1000.000000;90.000000;
1131;0:1131;g_config.mr_ctrl.ctrl_lowpass_adj;5;2;50;150;100;
1132;0:1132;av_damp_gainx;0;1;0;255;30;
1133;0:1133;av_damp_gainy;0;1;0;255;30;
1134;0:1134;av_damp_gainz;0;1;0;255;0;
1135;0:1135;av_damp_diff_fn;0;1;0;255;25;
1136;0:1136;av_cmd_lpf_fnx;8;4;0.000000;1000.000000;180.000000;
1137;0:1137;av_cmd_lpf_ampx;8;4;0.000000;1000.000000;1.000000;
1138;0:1138;av_cmd_lpf_fny;8;4;0.000000;1000.000000;180.000000;
1139;0:1139;av_cmd_lpf_ampy;8;4;0.000000;1000.000000;1.000000;
1140;0:1140;av_cmd_lpf_fnz;8;4;0.000000;1000.000000;48.000000;
1141;0:1141;av_cmd_lpf_ampz;8;4;0.000000;1000.000000;1.000000;
1142;0:1142;av_cmd_notch_fnx;8;4;0.000000;1000.000000;200.000000;
1143;0:1143;av_cmd_notch_bwx;8;4;0.000000;1000.000000;0.010000;
1144;0:1144;av_cmd_notch_gnx;8;4;0.000000;1000.000000;0.100000;
1145;0:1145;av_cmd_notch_fny;8;4;0.000000;1000.000000;200.000000;
1146;0:1146;av_cmd_notch_bwy;8;4;0.000000;1000.000000;0.010000;
1147;0:1147;av_cmd_notch_gny;8;4;0.000000;1000.000000;0.100000;
1148;0:1148;av_cmd_notch_fnz;8;4;0.000000;1000.000000;200.000000;
1149;0:1149;av_cmd_notch_bwz;8;4;0.000000;1000.000000;0.010000;
1150;0:1150;av_cmd_notch_gnz;8;4;0.000000;1000.000000;0.100000;
1151;0:1151;av_fdbk_lpf_fnx;8;4;0.000000;1000.000000;180.000000;
1152;0:1152;av_fdbk_lpf_ampx;8;4;0.000000;1000.000000;1.000000;
1153;0:1153;av_fdbk_lpf_fny;8;4;0.000000;1000.000000;180.000000;
1154;0:1154;av_fdbk_lpf_ampy;8;4;0.000000;1000.000000;1.000000;
1155;0:1155;av_fdbk_lpf_fnz;8;4;0.000000;1000.000000;180.000000;
1156;0:1156;av_fdbk_lpf_ampz;8;4;0.000000;1000.000000;1.000000;
1157;0:1157;av_ffwd_dot_fnx;8;4;0.000000;1000.000000;20.000000;
1158;0:1158;av_ffwd_dot_fny;8;4;0.000000;1000.000000;20.000000;
1159;0:1159;av_ffwd_dot_fnz;8;4;0.000000;1000.000000;20.000000;
1160;0:1160;av_ffwd_dot2_fnx;8;4;0.000000;1000.000000;20.000000;
1161;0:1161;av_ffwd_dot2_fny;8;4;0.000000;1000.000000;20.000000;
1162;0:1162;av_ffwd_dot2_fnz;8;4;0.000000;1000.000000;20.000000;
1163;0:1163;av_ffwd_gnx;8;4;0.000000;1000.000000;0.000000;
1164;0:1164;av_ffwd_gny;8;4;0.000000;1000.000000;0.000000;
1165;0:1165;av_ffwd_gnz;8;4;0.000000;1000.000000;1.091100;
1166;0:1166;av_ffwd_dot_gnx;8;4;0.000000;1000.000000;0.169000;
1167;0:1167;av_ffwd_dot_gny;8;4;0.000000;1000.000000;0.229400;
1168;0:1168;av_ffwd_dot_gnz;8;4;0.000000;1000.000000;0.029000;
1169;0:1169;av_ffwd_dot2_gnx;8;4;0.000000;1000.000000;0.003600;
1170;0:1170;av_ffwd_dot2_gny;8;4;0.000000;1000.000000;0.004100;
1171;0:1171;av_ffwd_dot2_gnz;8;4;0.000000;1000.000000;0.000121;
1172;0:1172;av_ffwd_gn_adj_tiltx;8;4;0.000000;1000.000000;0.000000;
1173;0:1173;av_ffwd_gn_adj_tilty;8;4;0.000000;1000.000000;0.000000;
1174;0:1174;av_ffwd_gn_adj_tors;8;4;0.000000;1000.000000;0.000000;
1175;0:1175;av_ffwd_fpx;8;4;0.000000;1000.000000;20.000000;
1176;0:1176;av_ffwd_fpy;8;4;0.000000;1000.000000;20.000000;
1177;0:1177;av_ffwd_fpz;8;4;0.000000;1000.000000;20.000000;
1178;0:1178;av_ffwd_fzx;8;4;0.000000;1000.000000;80.000000;
1179;0:1179;av_ffwd_fzy;8;4;0.000000;1000.000000;80.000000;
1180;0:1180;av_ffwd_fzz;8;4;0.000000;1000.000000;80.000000;
1181;0:1181;horiz_pos_gain|g_config.control.horiz_pos_p_gain_adj;5;2;20;150;125;
1185;0:1185;horiz_vel_gain|g_config.control.horiz_vel_p_gain;5;2;20;250;108;
1196;0:1196;horiz_vel_gain_for_fpv;5;2;10;250;50;
1202;0:1202;horiz_vel_ctrl_level;0;1;0;1;1;
1205;0:1205;vert_vel_gain;5;2;0;500;110;
1261;0:1261;mass_center_calibrated;0;1;0;1;0;
1265;0:1265;mass_center_collecting_time_s;0;1;2;255;15;
